{"aAcc": 91.72, "mIoU": 84.01, "mAcc": 90.88, "data_time": 0.09513738880986752, "time": 0.42609703022500744}