{"lr": 0.003968364087128717, "data_time": 0.01761651039123535, "loss": 0.9926882803440094, "decode.loss_ce": 0.6955887794494628, "decode.acc_seg": 66.01410675048828, "aux.loss_ce": 0.2970994859933853, "aux.acc_seg": 65.4435806274414, "time": 12.581808805465698, "iter": 10, "step": 10}
{"lr": 0.003933179313665297, "data_time": 0.07236742973327637, "loss": 0.9450390100479126, "decode.loss_ce": 0.6729184925556183, "decode.acc_seg": 64.87630462646484, "aux.loss_ce": 0.2721205085515976, "aux.acc_seg": 26.748046875, "time": 12.508125591278077, "iter": 20, "step": 20}
{"lr": 0.003897958618392906, "data_time": 0.025084328651428223, "loss": 0.9234416782855988, "decode.loss_ce": 0.6575286448001861, "decode.acc_seg": 49.4444465637207, "aux.loss_ce": 0.26591304689645767, "aux.acc_seg": 55.72200393676758, "time": 12.694937610626221, "iter": 30, "step": 30}
{"lr": 0.003862701593726398, "data_time": 0.08827829360961914, "loss": 0.952215987443924, "decode.loss_ce": 0.6934687852859497, "decode.acc_seg": 45.43598175048828, "aux.loss_ce": 0.2587472081184387, "aux.acc_seg": 75.37782287597656, "time": 13.058614158630371, "iter": 40, "step": 40}
{"lr": 0.0038274078231595858, "data_time": 0.005683374404907226, "loss": 0.7999613046646118, "decode.loss_ce": 0.5680012404918671, "decode.acc_seg": 24.86675453186035, "aux.loss_ce": 0.23196007311344147, "aux.acc_seg": 26.03884506225586, "time": 12.921767663955688, "iter": 50, "step": 50}
{"lr": 0.003792076880973958, "data_time": 0.0031727075576782225, "loss": 0.7512632966041565, "decode.loss_ce": 0.5265763461589813, "decode.acc_seg": 90.27626037597656, "aux.loss_ce": 0.2246869370341301, "aux.acc_seg": 70.58116149902344, "time": 12.930680274963379, "iter": 60, "step": 60}
{"lr": 0.0037567083319346877, "data_time": 0.08046574592590332, "loss": 0.7497060835361481, "decode.loss_ce": 0.5290139555931092, "decode.acc_seg": 61.17144012451172, "aux.loss_ce": 0.22069212794303894, "aux.acc_seg": 67.978515625, "time": 12.907622575759888, "iter": 70, "step": 70}
{"lr": 0.0037213017309732214, "data_time": 0.00729830265045166, "loss": 0.7016986012458801, "decode.loss_ce": 0.49191472828388216, "decode.acc_seg": 75.36978912353516, "aux.loss_ce": 0.20978386104106903, "aux.acc_seg": 75.39627075195312, "time": 12.889353895187378, "iter": 80, "step": 80}
{"lr": 0.0036858566228557283, "data_time": 0.021424198150634767, "loss": 0.616879653930664, "decode.loss_ce": 0.42792598307132723, "decode.acc_seg": 64.97959899902344, "aux.loss_ce": 0.18895366936922073, "aux.acc_seg": 60.14822006225586, "time": 13.172938442230224, "iter": 90, "step": 90}
{"lr": 0.0036503725418365867, "data_time": 0.01078033447265625, "loss": 0.5812931060791016, "decode.loss_ce": 0.39936706721782683, "decode.acc_seg": 82.4513931274414, "aux.loss_ce": 0.18192604184150696, "aux.acc_seg": 81.095703125, "time": 15.950305128097535, "iter": 100, "step": 100}
{"aAcc": 75.68, "mIoU": 47.77, "mAcc": 60.74, "data_time": 0.03843399017087875, "time": 3.1429275389640563, "step": 100}
{"lr": 0.0036148490112960854, "data_time": 0.03147509098052979, "loss": 0.5987417906522751, "decode.loss_ce": 0.4088887423276901, "decode.acc_seg": 80.54535675048828, "aux.loss_ce": 0.1898530475795269, "aux.acc_seg": 67.58963012695312, "time": 14.007751703262329, "iter": 110, "step": 110}
{"lr": 0.0035792855433614177, "data_time": 0.08893978595733643, "loss": 0.6489181816577911, "decode.loss_ce": 0.46219557374715803, "decode.acc_seg": 79.06771087646484, "aux.loss_ce": 0.18672261461615564, "aux.acc_seg": 70.74565887451172, "time": 13.216842555999756, "iter": 120, "step": 120}
{"lr": 0.003543681638510009, "data_time": 0.02455017566680908, "loss": 0.7540692806243896, "decode.loss_ce": 0.5397899329662323, "decode.acc_seg": 68.39409637451172, "aux.loss_ce": 0.21427934914827346, "aux.acc_seg": 66.83658599853516, "time": 12.988615083694459, "iter": 130, "step": 130}
{"lr": 0.0035080367851541357, "data_time": 0.07333323955535889, "loss": 0.47780585289001465, "decode.loss_ce": 0.326883339881897, "decode.acc_seg": 82.20442962646484, "aux.loss_ce": 0.15092251375317572, "aux.acc_seg": 72.87651824951172, "time": 13.564292478561402, "iter": 140, "step": 140}
{"lr": 0.0034723504592057276, "data_time": 0.0844006061553955, "loss": 0.5005169630050659, "decode.loss_ce": 0.3327227056026459, "decode.acc_seg": 90.69487762451172, "aux.loss_ce": 0.16779424920678138, "aux.acc_seg": 85.3576431274414, "time": 13.034182739257812, "iter": 150, "step": 150}
{"lr": 0.0034366221236201647, "data_time": 0.011542463302612304, "loss": 0.49914720356464387, "decode.loss_ce": 0.3364966228604317, "decode.acc_seg": 92.833984375, "aux.loss_ce": 0.16265058368444443, "aux.acc_seg": 89.43446350097656, "time": 13.023657703399659, "iter": 160, "step": 160}
{"lr": 0.0034008512279177913, "data_time": 0.018916726112365723, "loss": 0.5243871241807938, "decode.loss_ce": 0.3647819608449936, "decode.acc_seg": 89.89908599853516, "aux.loss_ce": 0.15960516557097434, "aux.acc_seg": 91.55142974853516, "time": 12.942410278320313, "iter": 170, "step": 170}
{"lr": 0.003365037207681776, "data_time": 0.029785537719726564, "loss": 0.46211743652820586, "decode.loss_ce": 0.3117480203509331, "decode.acc_seg": 88.19379425048828, "aux.loss_ce": 0.1503694124519825, "aux.acc_seg": 86.36957550048828, "time": 12.585738444328308, "iter": 180, "step": 180}
{"lr": 0.0033291794840308447, "data_time": 0.022917580604553223, "loss": 0.373591285943985, "decode.loss_ce": 0.24572772532701492, "decode.acc_seg": 87.66059112548828, "aux.loss_ce": 0.12786356583237649, "aux.acc_seg": 91.59917449951172, "time": 12.570234942436219, "iter": 190, "step": 190}
{"lr": 0.0032932774630653125, "data_time": 0.009594058990478516, "loss": 0.3994403541088104, "decode.loss_ce": 0.26329612731933594, "decode.acc_seg": 82.12022399902344, "aux.loss_ce": 0.13614422529935838, "aux.acc_seg": 69.66015625, "time": 12.475044322013854, "iter": 200, "step": 200}
{"aAcc": 87.42, "mIoU": 74.11, "mAcc": 84.78, "data_time": 0.02582244575023651, "time": 2.7939580157399178, "step": 200}
{"lr": 0.0032573305352846956, "data_time": 0.008940434455871582, "loss": 0.3867336601018906, "decode.loss_ce": 0.2591311424970627, "decode.acc_seg": 84.75173950195312, "aux.loss_ce": 0.1276025153696537, "aux.acc_seg": 71.98936462402344, "time": 12.593198537826538, "iter": 210, "step": 210}
{"lr": 0.0032213380749750737, "data_time": 0.011418819427490234, "loss": 0.4165146589279175, "decode.loss_ce": 0.2715610861778259, "decode.acc_seg": 89.484375, "aux.loss_ce": 0.14495357498526573, "aux.acc_seg": 87.42578125, "time": 12.83546028137207, "iter": 220, "step": 220}
{"lr": 0.0031852994395642365, "data_time": 0.015311789512634278, "loss": 0.42004742920398713, "decode.loss_ce": 0.2802532553672791, "decode.acc_seg": 90.94466400146484, "aux.loss_ce": 0.13979417607188224, "aux.acc_seg": 92.54014587402344, "time": 13.530464363098144, "iter": 230, "step": 230}
{"lr": 0.003149213968942456, "data_time": 0.07378828525543213, "loss": 0.37875927686691285, "decode.loss_ce": 0.25266213417053224, "decode.acc_seg": 87.10980987548828, "aux.loss_ce": 0.12609713897109032, "aux.acc_seg": 85.68814849853516, "time": 13.29801790714264, "iter": 240, "step": 240}
{"lr": 0.003113080984746587, "data_time": 0.020262694358825682, "loss": 0.44190306067466734, "decode.loss_ce": 0.30041746497154237, "decode.acc_seg": 88.13455200195312, "aux.loss_ce": 0.14148559868335725, "aux.acc_seg": 80.0390625, "time": 13.061296701431274, "iter": 250, "step": 250}
{"lr": 0.003076899789605008, "data_time": 0.009614896774291993, "loss": 0.4296258509159088, "decode.loss_ce": 0.29567739069461824, "decode.acc_seg": 85.83181762695312, "aux.loss_ce": 0.13394846096634866, "aux.acc_seg": 87.80989837646484, "time": 13.228489685058594, "iter": 260, "step": 260}
{"lr": 0.0030406696663406894, "data_time": 0.07832036018371583, "loss": 0.3619354084134102, "decode.loss_ce": 0.247025503218174, "decode.acc_seg": 70.98936462402344, "aux.loss_ce": 0.11490990146994591, "aux.acc_seg": 70.68033599853516,