{"aAcc": 91.72, "mIoU": 84.01, "mAcc": 90.88, "data_time": 0.10116162507430367, "time": 0.4270172533781632}