{"lr": 0.003968364087128717, "data_time": 0.03247394561767578, "loss": 1.095531815290451, "decode.loss_ce": 0.7864112913608551, "decode.acc_seg": 35.41840362548828, "aux.loss_ce": 0.3091205179691315, "aux.acc_seg": 22.96940040588379, "time": 17.811631965637208, "iter": 10, "step": 10}
{"lr": 0.003933179313665297, "data_time": 0.06622602939605712, "loss": 1.060609942674637, "decode.loss_ce": 0.757829338312149, "decode.acc_seg": 34.28363800048828, "aux.loss_ce": 0.3027805954217911, "aux.acc_seg": 47.43598175048828, "time": 16.54532120227814, "iter": 20, "step": 20}
{"lr": 0.003897958618392906, "data_time": 0.06304576396942138, "loss": 1.0270064175128937, "decode.loss_ce": 0.729092937707901, "decode.acc_seg": 47.13151168823242, "aux.loss_ce": 0.29791347682476044, "aux.acc_seg": 42.18229293823242, "time": 15.512599563598632, "iter": 30, "step": 30}
{"lr": 0.003862701593726398, "data_time": 0.07303121089935302, "loss": 0.9751485586166382, "decode.loss_ce": 0.6846506118774414, "decode.acc_seg": 85.42035675048828, "aux.loss_ce": 0.2904979348182678, "aux.acc_seg": 61.80729293823242, "time": 14.0649822473526, "iter": 40, "step": 40}
{"lr": 0.0038274078231595858, "data_time": 0.012322402000427246, "loss": 0.8332830488681793, "decode.loss_ce": 0.5606894642114639, "decode.acc_seg": 83.26258850097656, "aux.loss_ce": 0.27259357571601867, "aux.acc_seg": 79.3515625, "time": 13.655172634124757, "iter": 50, "step": 50}
{"lr": 0.003792076880973958, "data_time": 0.019467425346374512, "loss": 0.7982596576213836, "decode.loss_ce": 0.5372706204652786, "decode.acc_seg": 48.73068618774414, "aux.loss_ce": 0.26098903119564054, "aux.acc_seg": 35.00368881225586, "time": 13.716138291358948, "iter": 60, "step": 60}
{"lr": 0.0037567083319346877, "data_time": 0.030431342124938966, "loss": 0.8842234253883362, "decode.loss_ce": 0.5918074905872345, "decode.acc_seg": 66.18880462646484, "aux.loss_ce": 0.29241593182086945, "aux.acc_seg": 84.20767974853516, "time": 13.800750017166138, "iter": 70, "step": 70}
{"lr": 0.0037213017309732214, "data_time": 0.09518301486968994, "loss": 0.7944043040275574, "decode.loss_ce": 0.5368561804294586, "decode.acc_seg": 79.572265625, "aux.loss_ce": 0.2575481250882149, "aux.acc_seg": 68.87586975097656, "time": 15.973401856422424, "iter": 80, "step": 80}
{"lr": 0.0036858566228557283, "data_time": 0.009931468963623047, "loss": 0.8117063462734222, "decode.loss_ce": 0.5675909757614136, "decode.acc_seg": 72.80121612548828, "aux.loss_ce": 0.24411536902189254, "aux.acc_seg": 73.47699737548828, "time": 15.83873963356018, "iter": 90, "step": 90}
{"lr": 0.0036503725418365867, "data_time": 0.023888921737670897, "loss": 0.7365917026996612, "decode.loss_ce": 0.5006459474563598, "decode.acc_seg": 66.17447662353516, "aux.loss_ce": 0.23594576120376587, "aux.acc_seg": 65.5549087524414, "time": 15.38029923439026, "iter": 100, "step": 100}
{"aAcc": 83.54, "mIoU": 70.15, "mAcc": 81.67, "data_time": 0.026150299155193825, "time": 3.2398999825767847, "step": 100}
{"lr": 0.0036148490112960854, "data_time": 0.02322080135345459, "loss": 0.6902242004871368, "decode.loss_ce": 0.46390044689178467, "decode.acc_seg": 51.35026168823242, "aux.loss_ce": 0.22632374614477158, "aux.acc_seg": 68.06748962402344, "time": 15.515348887443542, "iter": 110, "step": 110}
{"lr": 0.0035792855433614177, "data_time": 0.09466452598571777, "loss": 0.6786128163337708, "decode.loss_ce": 0.45315557420253755, "decode.acc_seg": 54.60438537597656, "aux.loss_ce": 0.22545724660158156, "aux.acc_seg": 52.95160675048828, "time": 15.708798003196716, "iter": 120, "step": 120}
{"lr": 0.003543681638510009, "data_time": 0.07261807918548584, "loss": 0.6144179999828339, "decode.loss_ce": 0.4036687731742859, "decode.acc_seg": 69.30555725097656, "aux.loss_ce": 0.21074923425912856, "aux.acc_seg": 53.34006118774414, "time": 15.602855658531189, "iter": 130, "step": 130}
{"lr": 0.0035080367851541357, "data_time": 0.07486388683319092, "loss": 0.572717821598053, "decode.loss_ce": 0.3854268342256546, "decode.acc_seg": 90.87955474853516, "aux.loss_ce": 0.1872909814119339, "aux.acc_seg": 89.98958587646484, "time": 15.17416021823883, "iter": 140, "step": 140}
{"lr": 0.0034723504592057276, "data_time": 0.06291401386260986, "loss": 0.6713814377784729, "decode.loss_ce": 0.4615335077047348, "decode.acc_seg": 69.58181762695312, "aux.loss_ce": 0.20984792411327363, "aux.acc_seg": 75.80902862548828, "time": 15.989440298080444, "iter": 150, "step": 150}
{"lr": 0.0034366221236201647, "data_time": 0.028157567977905272, "loss": 0.6872671544551849, "decode.loss_ce": 0.4806310415267944, "decode.acc_seg": 86.06141662597656, "aux.loss_ce": 0.20663611441850663, "aux.acc_seg": 82.62673950195312, "time": 16.742641401290893, "iter": 160, "step": 160}
{"lr": 0.0034008512279177913, "data_time": 0.07413768768310547, "loss": 0.6707704067230225, "decode.loss_ce": 0.4744159996509552, "decode.acc_seg": 82.88324737548828, "aux.loss_ce": 0.1963544085621834, "aux.acc_seg": 78.49956512451172, "time": 15.448943066596986, "iter": 170, "step": 170}
{"lr": 0.003365037207681776, "data_time": 0.06691181659698486, "loss": 0.5191922634840012, "decode.loss_ce": 0.354607430100441, "decode.acc_seg": 68.6720962524414, "aux.loss_ce": 0.16458483338356017, "aux.acc_seg": 71.46180725097656, "time": 14.664915013313294, "iter": 180, "step": 180}
{"lr": 0.0033291794840308447, "data_time": 0.060396575927734376, "loss": 0.7055841207504272, "decode.loss_ce": 0.5085787355899811, "decode.acc_seg": 70.939453125, "aux.loss_ce": 0.19700538367033005, "aux.acc_seg": 82.236328125, "time": 14.96462435722351, "iter": 190, "step": 190}
{"lr": 0.0032932774630653125, "data_time": 0.07185938358306884, "loss": 0.5438489466905594, "decode.loss_ce": 0.37184634804725647, "decode.acc_seg": 73.90494537353516, "aux.loss_ce": 0.17200259119272232, "aux.acc_seg": 76.70269012451172, "time": 13.277753281593323, "iter": 200, "step": 200}
{"aAcc": 80.09, "mIoU": 66.29, "mAcc": 80.12, "data_time": 0.030494177595097968, "time": 2.873811498601386, "step": 200}
{"lr": 0.0032573305352846956, "data_time": 0.0601618766784668, "loss": 0.49525669515132903, "decode.loss_ce": 0.33602297902107237, "decode.acc_seg": 75.28602600097656, "aux.loss_ce": 0.15923370718955993, "aux.acc_seg": 66.29448699951172, "time": 12.94244544506073, "iter": 210, "step": 210}
{"lr": 0.0032213380749750737, "data_time": 0.06617639064788819, "loss": 0.541402742266655, "decode.loss_ce": 0.364849166572094, "decode.acc_seg": 83.5314712524414, "aux.loss_ce": 0.1765535794198513, "aux.acc_seg": 80.94487762451172, "time": 12.904236602783204, "iter": 220, "step": 220}
{"lr": 0.0031852994395642365, "data_time": 0.004180717468261719, "loss": 0.5483282834291459, "decode.loss_ce": 0.38338517397642136, "decode.acc_seg": 95.50846099853516, "aux.loss_ce": 0.16494311392307281, "aux.acc_seg": 94.78103637695312, "time": 12.821066832542419, "iter": 230, "step": 230}
{"lr": 0.003149213968942456, "data_time": 0.061114954948425296, "loss": 0.4718912601470947, "decode.loss_ce": 0.32520663142204287, "decode.acc_seg": 88.03168487548828, "aux.loss_ce": 0.14668462350964545, "aux.acc_seg": 84.30772399902344, "time": 12.967281317710876, "iter": 240, "step": 240}
{"lr": 0.003113080984746587, "data_time": 0.009941864013671874, "loss": 0.5165748953819275, "decode.loss_ce": 0.35509100556373596, "decode.acc_seg": 87.53515625, "aux.loss_ce": 0.16148389354348183, "aux.acc_seg": 85.99674224853516, "time": 15.099377322196961, "iter": 250, "step": 250}
{"lr": 0.003076899789605008, "data_time": 0.06510117053985595, "loss": 0.49703092575073243, "decode.loss_ce": 0.34167784452438354, "decode.acc_seg": 76.716796875, "aux.loss_ce": 0.15535308420658112, "aux.acc_seg": 68.73285675048828, "time": 15.691956281661987, "iter": 260, "step": 260}
{"lr": 0.0030406696663406894, "data_time": 0.003668212890625, "loss": 0.5865815341472626, "decode.loss_ce": 0.4140054896473885, "decode.acc_seg": 79.99392700195312, "aux.loss_ce": 0.17257605195045472, "aux.acc_seg": 80.14583587646484,