{"lr": 0.004, "data_time": 0.004586696624755859, "loss": 1.0880142450332642, "decode.loss_ce": 0.7712565660476685, "decode.acc_seg": 36.48828125, "aux.loss_ce": 0.3167577087879181, "aux.acc_seg": 24.88650131225586, "time": 13.265867233276367, "iter": 1, "step": 1}
{"aAcc": 37.25, "mIoU": 12.68, "mAcc": 33.57, "data_time": 0.04789310952891474, "time": 3.013596420702727, "step": 1}
{"lr": 0.003996486310570382, "data_time": 0.09221494197845459, "loss": 1.0869837999343872, "decode.loss_ce": 0.7717472016811371, "decode.acc_seg": 32.44097137451172, "aux.loss_ce": 0.3152366131544113, "aux.acc_seg": 28.873046875, "time": 15.926921248435974, "iter": 2, "step": 2}
